num_trees,points_per_class,connectivity,neighborhood_size,kappa_multi,overall_multi,pa_water_multi,ua_water_multi,kappa_binary,overall_binary,pa_water_binary,ua_water_binary
10,50,4,128,0.8,84,90.0,86.0,0.76,88.0,83.49,93.81
10,50,4,256,0.78,82,88.0,94.0,0.72,86.0,76.15,97.65
10,50,8,128,0.77,81,79.0,99.0,0.79,89.5,80.73,100.0
10,50,8,256,0.76,80,80.0,97.0,0.77,88.5,79.82,98.86
10,100,4,128,0.8,84,90.0,86.0,0.82,91.01,91.3,90.32
10,100,4,256,0.78,82,88.0,94.0,0.88,94.18,93.48,94.51
10,100,8,128,0.77,81,79.0,99.0,0.78,88.89,86.96,89.89
10,100,8,256,0.76,80,80.0,97.0,0.88,94.18,93.48,94.51
10,150,4,128,0.8,84,90.0,86.0,0.85,92.82,85.37,97.22
10,150,4,256,0.78,82,88.0,94.0,0.88,94.36,90.24,96.1
10,150,8,128,0.77,81,79.0,99.0,0.79,89.74,82.93,91.89
10,150,8,256,0.76,80,80.0,97.0,0.88,94.36,86.59,100.0
10,200,4,128,0.81,84,89.0,93.0,0.87,93.78,86.96,100.0
10,200,4,256,0.74,79,92.0,92.0,0.91,95.34,91.3,98.82
10,200,8,128,0.74,79,92.0,92.0,0.8,90.16,80.43,98.67
10,200,8,256,0.73,78,89.0,84.0,0.9,94.82,90.22,98.81
10,250,4,128,0.83,86,89.0,99.0,0.91,95.31,92.86,97.85
10,250,4,256,0.81,84,89.0,95.0,0.92,95.83,93.88,97.87
10,250,8,128,0.76,80,93.0,79.0,0.89,94.27,91.84,96.77
10,250,8,256,0.79,83,92.0,92.0,0.94,96.88,95.92,97.92
10,300,4,128,0.81,84,87.0,91.0,0.87,93.4,85.71,100.0
10,300,4,256,0.83,86,90.0,96.0,0.9,94.92,89.01,100.0
10,300,8,128,0.78,82,89.0,84.0,0.8,90.36,80.22,98.65
10,300,8,256,0.76,80,88.0,86.0,0.88,93.91,86.81,100.0
10,350,4,128,0.83,86,93.0,93.0,0.58,96.0,96.88,98.94
10,350,4,256,0.79,83,96.0,84.0,0.65,97.0,97.92,98.95
10,350,8,128,0.78,82,94.0,84.0,0.71,97.0,96.88,100.0
10,350,8,256,0.78,82,91.0,92.0,0.59,95.0,94.79,100.0
10,400,4,128,0.83,86,93.0,91.0,0.58,96.0,96.88,98.94
10,400,4,256,0.79,82,91.0,92.0,0.65,97.0,97.92,98.95
10,400,8,128,0.79,82,90.0,88.0,0.71,97.0,96.88,100.0
10,400,8,256,0.81,84,94.0,90.0,0.59,95.0,94.79,100.0
50,50,4,128,0.77,81,91.0,88.0,0.76,88.0,83.49,93.81
50,50,4,256,0.79,82,89.0,87.0,0.72,86.0,76.15,97.65
50,50,8,128,0.8,83,87.0,100.0,0.79,89.5,80.73,100.0
50,50,8,256,0.77,81,84.0,100.0,0.77,88.5,79.82,98.86
50,100,4,128,0.77,81,91.0,88.0,0.8,90.0,85.0,91.67
50,100,4,256,0.79,82,89.0,87.0,0.79,91.0,81.0,95.96
50,100,8,128,0.8,83,87.0,100.0,0.82,90.0,85.0,94.85
50,100,8,256,0.77,81,84.0,100.0,0.81,92.0,83.0,96.91
50,150,4,128,0.77,81,91.0,88.0,0.94,92.5,91.43,100.0
50,150,4,256,0.79,82,89.0,87.0,0.96,98.59,94.29,100.0
50,150,8,128,0.8,83,87.0,100.0,0.94,97.89,91.43,100.0
50,150,8,256,0.77,81,84.0,100.0,0.92,97.18,88.57,100.0
50,200,4,128,0.77,83,92.0,95.0,0.89,94.79,89.41,98.7
50,200,4,256,0.65,84,93.0,88.0,0.93,96.35,92.94,98.75
50,200,8,128,0.58,65,93.0,89.0,0.92,95.83,92.94,97.53
50,200,8,256,0.6,67,93.0,86.0,0.95,97.4,95.29,98.78
50,250,4,128,0.83,86,91.0,100.0,0.89,94.27,89.8,98.88
50,250,4,256,0.81,84,92.0,98.0,0.93,96.35,94.9,97.89
50,250,8,128,0.78,82,95.0,83.0,0.94,96.88,95.92,97.92
50,250,8,256,0.8,84,93.0,93.0,0.96,97.92,96.94,98.96
50,300,4,128,0.82,85,88.0,90.0,0.76,88.14,75.27,100.0
50,300,4,256,0.85,87,89.0,98.0,0.87,93.3,86.02,100.0
50,300,8,128,0.82,85,88.0,90.0,0.89,94.33,88.17,100.0
50,300,8,256,0.79,82,88.0,85.0,0.84,92.27,83.87,100.0
50,350,4,128,0.79,83,88.0,99.0,0.99,99.49,98.91,100.0
50,350,4,256,0.81,84,93.0,92.0,0.99,99.49,98.91,100.0
50,350,8,128,0.79,83,93.0,90.0,0.97,98.47,98.91,97.85
50,350,8,256,0.78,82,89.0,95.0,0.99,99.49,98.91,100.0
50,400,4,128,0.82,85,91.0,96.0,0.99,99.49,98.91,100.0
50,400,4,256,0.8,83,91.0,99.0,0.99,99.49,98.91,100.0
50,400,8,128,0.8,84,90.0,99.0,0.97,98.47,98.91,97.85
50,400,8,256,0.8,83,90.0,99.0,0.99,99.49,98.91,100.0
100,50,4,128,0.82,85,92.0,96.0,0.76,88.0,83.49,93.81
100,50,4,256,0.81,84,93.0,99.0,0.72,86.0,76.15,97.65
100,50,8,128,0.77,81,88.0,97.0,0.79,89.5,80.73,100.0
100,50,8,256,0.74,78,87.0,100.0,0.77,88.5,79.82,98.86
100,100,4,128,0.82,85,92.0,96.0,0.88,93.88,88.79,100.0
100,100,4,256,0.81,84,93.0,99.0,0.9,94.9,90.65,100.0
100,100,8,128,0.77,81,88.0,97.0,0.89,94.39,89.72,100.0
100,100,8,256,0.74,78,87.0,100.0,0.88,93.88,88.79,100.0
100,150,4,128,0.82,85,92.0,96.0,0.89,94.33,89.36,98.82
100,150,4,256,0.81,84,93.0,99.0,0.9,94.85,90.43,98.84
100,150,8,128,0.77,81,88.0,97.0,0.93,96.39,94.68,97.8
100,150,8,256,0.74,78,87.0,100.0,0.9,94.85,90.43,98.84
100,200,4,128,0.85,88,97.0,96.0,0.88,93.81,86.96,100.0
100,200,4,256,0.83,86,98.0,93.0,0.89,94.33,88.04,100.0
100,200,8,128,0.85,88,99.0,99.0,0.9,94.85,89.13,100.0
100,200,8,256,0.81,85,99.0,92.0,0.92,95.88,91.3,100.0
100,250,4,128,0.9,89,94.0,100.0,0.93,96.35,93.88,98.92
100,250,4,256,0.81,84,92.0,99.0,0.93,96.35,94.9,97.89
100,250,8,128,0.79,82,94.0,85.0,0.95,97.4,96.94,97.94
100,250,8,256,0.81,84,92.0,96.0,0.96,97.92,96.94,98.96
100,300,4,128,0.83,86,89.0,93.0,0.83,91.79,82.61,100.0
100,300,4,256,0.85,88,89.0,99.0,0.85,92.82,84.78,100.0
100,300,8,128,0.81,84,88.0,95.0,0.87,93.33,86.96,98.77
100,300,8,256,0.79,82,89.0,83.0,0.87,93.33,85.87,100.0
100,350,4,128,0.84,86,92.0,96.0,0.92,95.79,95.6,95.6
100,350,4,256,0.81,85,94.0,97.0,0.95,97.37,96.7,97.78
100,350,8,128,0.78,82,93.0,82.0,0.88,94.21,95.6,92.55
100,350,8,256,0.78,82,91.0,91.0,0.88,94.21,93.41,94.44
100,400,4,128,0.82,85,93.0,95.0,0.92,95.79,95.6,95.6
100,400,4,256,0.81,84,92.0,98.0,0.95,97.37,96.7,97.78
100,400,8,128,0.8,83,89.0,98.0,0.88,94.21,95.6,92.55
100,400,8,256,0.79,83,92.0,95.0,0.88,94.21,93.41,94.44
500,50,4,128,0.79,83,92.0,92.0,0.76,88.0,83.49,93.81
500,50,4,256,0.79,82,90.0,98.0,0.72,86.0,76.15,97.65
500,50,8,128,0.78,82,88.0,97.0,0.79,89.5,80.73,100.0
500,50,8,256,0.74,78,86.0,99.0,0.77,88.5,79.82,98.86
500,100,4,128,0.79,83,92.0,92.0,0.85,92.59,91.3,93.33
500,100,4,256,0.79,82,90.0,98.0,0.87,93.65,93.48,93.48
500,100,8,128,0.78,82,88.0,97.0,0.86,93.12,93.48,92.47
500,100,8,256,0.74,78,86.0,99.0,0.89,94.71,94.57,94.57
500,150,4,128,0.79,83,92.0,92.0,0.83,91.67,86.05,94.87
500,150,4,256,0.79,82,90.0,98.0,0.9,95.31,90.7,98.73
500,150,8,128,0.78,82,88.0,97.0,0.86,93.23,90.7,93.98
500,150,8,256,0.78,84,86.0,99.0,0.93,96.35,93.02,98.77
500,200,4,128,0.83,86,89.0,96.0,0.93,96.41,94.62,97.78
500,200,4,256,0.85,87,93.0,96.0,0.95,97.44,95.7,98.89
500,200,8,128,0.81,84,89.0,90.0,0.97,98.46,97.85,98.91
500,200,8,256,0.81,84,93.0,87.0,0.95,97.44,95.7,98.89
500,250,4,128,0.82,87,92.0,100.0,0.8,89.8,81.82,97.59
500,250,4,256,0.83,86,92.0,100.0,0.88,93.88,88.89,98.88
500,250,8,128,0.82,85,92.0,100.0,0.87,93.37,88.89,97.78
500,250,8,256,0.81,84,93.0,96.0,0.88,93.88,88.89,98.88
500,300,4,128,0.86,89,96.0,95.0,0.82,92.52,76.34,100.0
500,300,4,256,0.85,88,91.0,100.0,0.89,95.58,86.02,100.0
500,300,8,128,0.83,86,92.0,97.0,0.89,95.24,84.95,100.0
500,300,8,256,0.81,84,94.0,88.0,0.87,94.56,82.8,100.0
500,350,4,128,0.84,87,94.0,100.0,0.98,98.98,97.94,100.0
500,350,4,256,0.81,84,95.0,96.0,0.99,99.49,98.97,100.0
500,350,8,128,0.8,83,93.0,93.0,0.94,96.94,96.91,96.91
500,350,8,256,0.8,84,93.0,96.0,0.97,98.47,96.91,100.0
500,400,4,128,0.85,88,93.0,100.0,0.98,98.98,97.94,100.0
500,400,4,256,0.83,86,92.0,100.0,0.99,99.49,98.97,100.0
500,400,8,128,0.83,86,92.0,100.0,0.94,96.94,96.91,96.91
500,400,8,256,0.85,87,93.0,100.0,0.97,98.47,96.91,100.0
1000,50,4,128,0.76,81,91.0,89.0,0.75,87.5,82.57,93.75
1000,50,4,256,0.77,81,88.0,96.0,0.72,86.0,76.15,97.65
1000,50,8,128,0.78,82,87.0,97.0,0.79,89.5,80.73,100.0
1000,50,8,256,0.74,78,86.0,98.0,0.72,86.0,76.15,97.65
1000,100,4,128,0.76,81,91.0,89.0,0.89,94.42,91.0,97.85
1000,100,4,256,0.77,81,88.0,96.0,0.91,95.43,92.0,98.92
1000,100,8,128,0.78,82,87.0,97.0,0.93,96.45,94.0,98.95
1000,100,8,256,0.74,78,86.0,98.0,0.92,95.94,93.0,98.94
1000,150,4,128,0.76,81,91.0,89.0,0.83,91.67,86.05,94.87
1000,150,4,256,0.77,81,88.0,96.0,0.92,95.83,91.86,98.75
1000,150,8,128,0.78,82,87.0,97.0,0.88,94.27,91.86,95.18
1000,150,8,256,0.74,78,86.0,98.0,0.93,96.35,93.02,98.77
1000,200,4,128,0.84,87,91.0,93.0,0.91,95.38,91.49,98.85
1000,200,4,256,0.82,85,90.0,91.0,0.92,95.9,92.55,98.86
1000,200,8,128,0.84,87,91.0,93.0,0.93,96.41,92.55,100.0
1000,200,8,256,0.81,84,93.0,87.0,0.9,94.87,89.36,100.0
1000,250,4,128,0.82,88,92.0,100.0,0.82,91.15,84.47,98.86
1000,250,4,256,0.83,86,93.0,100.0,0.88,93.75,88.35,100.0
1000,250,8,128,0.8,83,96.0,84.0,0.83,91.67,85.44,98.88
1000,250,8,256,0.81,84,92.0,96.0,0.87,93.23,87.38,100.0
1000,300,4,128,0.83,86,91.0,92.0,0.87,93.3,86.02,100.0
1000,300,4,256,0.84,87,89.0,100.0,0.9,94.85,89.25,100.0
1000,300,8,128,0.82,85,93.0,97.0,0.91,95.36,90.32,100.0
1000,300,8,256,0.79,83,91.0,87.0,0.92,95.88,91.4,100.0
1000,350,4,128,0.83,86,91.0,99.0,0.94,96.95,94.79,98.91
1000,350,4,256,0.82,85,90.0,97.0,0.96,97.97,95.83,100.0
1000,350,8,128,0.8,83,95.0,88.0,0.94,96.94,96.91,96.91
1000,350,8,256,0.8,83,92.0,92.0,0.94,96.95,95.83,97.87
1000,400,4,128,0.85,87,93.0,100.0,0.94,96.95,94.79,98.91
1000,400,4,256,0.87,88,97.0,100.0,0.96,97.97,95.83,100.0
1000,400,8,128,0.86,88,95.0,100.0,0.94,96.94,96.91,96.91
1000,400,8,256,0.86,88,99.0,98.0,0.94,96.95,95.83,97.87
